Ciudades,Distancia
Cerro de Pasco,173.18341113928327
Huancayo,199.92258020752402
Huanuco,252.05461021692136
Ica,266.05751920526245
Huaraz,284.7036191007828
Ayacucho,329.74173543427094
Chimbote,369.56272551050955
Trujillo,488.2544765606376
Cajamarca,566.05166757997
Cusco,574.5753496043762
